"Address","Content Type","Status Code","Status","Indexability","Indexability Status","Title 1","Title 1 Length","Title 1 Pixel Width","Meta Description 1","Meta Description 1 Length","Meta Description 1 Pixel Width","Meta Keywords 1","Meta Keywords 1 Length","H1-1","H1-1 Length","H1-2","H1-2 Length","H2-1","H2-1 Length","H2-2","H2-2 Length","Meta Robots 1","X-Robots-Tag 1","Meta Refresh 1","Canonical Link Element 1","rel=""next"" 1","rel=""prev"" 1","HTTP rel=""next"" 1","HTTP rel=""prev"" 1","amphtml Link Element","Size (bytes)","Word Count","Text Ratio","Crawl Depth","Link Score","Inlinks","Unique Inlinks","Unique JS Inlinks","% of Total","Outlinks","Unique Outlinks","Unique JS Outlinks","External Outlinks","Unique External Outlinks","Unique External JS Outlinks","Closest Similarity Match","No. Near Duplicates","Spelling Errors","Grammar Errors","Hash","Response Time","Last Modified","Redirect URL","Redirect Type","Cookies","HTTP Version","URL Encoded Address","Crawl Timestamp"
"https://shop.pimoroni.com/","text/html; charset=utf-8","200","OK","Indexable","","Pimoroni: Raspberry Pi, Adafruit, micro:bit, and Arduino in the UK","66","581","Pimoroni is the ultimate Maker store – a curated range of the best of breed Maker products. Worldwide delivery. Personal support.","129","822","","0","Results for your search","23","","0","Select currency","15","Raspberry Pi Pico","17","","","","https://shop.pimoroni.com/","","","","","","210181","234","1.327","0","","201","67","0","100.000","99","46","0","9","7","0","","","","","c972eb29211038825e7cb335cc73c4f4","0.302","","","","","1.1","https://shop.pimoroni.com/","2022-03-04 10:47:33"
"https://shop.pimoroni.com/pages/contact-us","text/html; charset=utf-8","200","OK","Indexable","","Contact Us for Raspberry Pi Technical Support - Pimoroni","56","513","Find our contact details for technical support, sales enquiries, returns, and resellers. Get in touch and let's talk!","117","699","","0","Results for your search","23","Contact us","10","Select currency","15","Need technical support?","23","","","","https://shop.pimoroni.com/pages/contact-us","","","","","","215387","382","2.020","1","","208","67","0","100.000","94","39","0","16","9","0","","","","","11bbd83e5d7614fe6f0bee2ab7ea2930","0.384","","","","","1.1","https://shop.pimoroni.com/pages/contact-us","2022-03-04 10:47:33"
"https://shop.pimoroni.com/collections/makedo","text/html; charset=utf-8","200","OK","Indexable","","Makedo - Pimoroni","17","168","","0","0","","0","Results for your search","23","Makedo","6","Select currency","15","PIMORONI LTD.","13","","","","https://shop.pimoroni.com/collections/makedo","","","","","","215334","167","1.154","1","","5","2","0","2.990","84","40","0","9","7","0","","","","","8421e02e7629c81507ed12949d150250","0.354","","","","","1.1","https://shop.pimoroni.com/collections/makedo","2022-03-04 10:47:34"
"https://shop.pimoroni.com/collections/cameras","text/html; charset=utf-8","200","OK","Indexable","","Cameras - Pimoroni","18","178","","0","0","","0","Results for your search","23","Cameras","7","Select currency","15","PIMORONI LTD.","13","","","","https://shop.pimoroni.com/collections/cameras","","","","","","221961","167","1.120","1","","137","67","0","100.000","84","39","0","9","7","0","","","","","683b2fe8d9d0a1e6e838d7aeb8995a0","0.452","","","","","1.1","https://shop.pimoroni.com/collections/cameras","2022-03-04 10:47:34"
"https://shop.pimoroni.com/products/trilobot","text/html; charset=utf-8","200","OK","Indexable","","Trilobot - Pimoroni","19","163","A versatile, mid-level robot learning platform for Raspberry Pi.","64","390","","0","Results for your search","23","Trilobot","8","Select currency","15","Features","8","","","","https://shop.pimoroni.com/products/trilobot","","","","","","258073","806","2.423","1","","4","2","0","2.990","90","44","0","17","14","0","","","","","100851509447a4898ab194f3c5466d21","0.419","","","","","1.1","https://shop.pimoroni.com/products/trilobot","2022-03-04 10:47:34"
"https://shop.pimoroni.com/collections/8bitdo","text/html; charset=utf-8","200","OK","Indexable","","8BitDo - Pimoroni","17","156","8bitdo make a fantastic range of high-quality games controllers, modelled after some of the classic games consoles, and accessories. Their whole range is beautifully-designed and well-made; a cut above your average retro games controllers.","239","1530","","0","Results for your search","23","8BitDo","6","Select currency","15","PIMORONI LTD.","13","","","","https://shop.pimoroni.com/collections/8bitdo","","","","","","215508","167","1.153","1","","137","67","0","100.000","84","39","0","9","7","0","","","","","93b1a95d03ee80cc613075d0c7b0cbfc","0.401","","","","","1.1","https://shop.pimoroni.com/collections/8bitdo","2022-03-04 10:47:34"
"https://shop.pimoroni.com/collections/special-offers?stock=true","text/html; charset=utf-8","200","OK","Non-Indexable","Canonicalised","Special Offers on Raspberry Pi, Adafruit, SparkFun - Pimoroni","61","551","We have great discounts on selected items across our range!","59","388","","0","Results for your search","23","Special Offers!","15","Select currency","15","PIMORONI LTD.","13","","","","https://shop.pimoroni.com/collections/special-offers","","","","","","226017","168","1.103","1","","137","67","0","100.000","84","39","0","9","7","0","","","","","52da8eadacdd7e01c354570d66a2f7be","0.521","","","","","1.1","https://shop.pimoroni.com/collections/special-offers?stock=true","2022-03-04 10:47:34"
"https://shop.pimoroni.com/pages/frequently-asked-questions","text/html; charset=utf-8","200","OK","Indexable","","Frequently Asked Questions - Pimoroni","37","348","Before contacting us directly please check the questions and answers below","74","481","","0","Results for your search","23","Frequently Asked Questions","26","Select currency","15","How can I pay for my order?","27","","","","https://shop.pimoroni.com/pages/frequently-asked-questions","","","","","","217698","780","3.051","1","","216","67","0","100.000","93","39","0","21","12","0","","","","","c58f2227edf1d1572c56e57d7dee87be","0.285","","","","","1.1","https://shop.pimoroni.com/pages/frequently-asked-questions","2022-03-04 10:47:34"
"https://shop.pimoroni.com/cart","","0","Blocked by robots.txt","Non-Indexable","Blocked by robots.txt","","0","0","","0","0","","0","","0","","0","","0","","0","","","","","","","","","","0","0","0.000","1","","178","67","0","100.000","0","0","0","0","0","0","","","","","","","","","","","None","https://shop.pimoroni.com/cart","2022-03-04 10:47:35"
"https://shop.pimoroni.com/collections/industrial","text/html; charset=utf-8","200","OK","Indexable","","Industrial - Pimoroni","21","178","Control and interface with all kinds of machines, with these low cost, modular, Raspberry Pi based automation systems.  Plus switches, step down modules, power supplies, DIN housing, relays, gates and more!","206","1320","","0","Results for your search","23","Industrial","10","Select currency","15","PIMORONI LTD.","13","","","","https://shop.pimoroni.com/collections/industrial","","","","","","224737","167","1.107","1","","137","67","0","100.000","84","39","0","9","7","0","","","","","8fdcb9cd68ffb2a9c5da2ec96a03caab","0.558","","","","","1.1","https://shop.pimoroni.com/collections/industrial","2022-03-04 10:47:34"
"https://shop.pimoroni.com/collections/raspberry-pi","text/html; charset=utf-8","200","OK","Indexable","","Raspberry Pi Boards, Kits, HATs, and Accessories - Next Day Delivery - Pimoroni","79","723","Looking for the best selection of Raspberry Pi goodies? Look no further! All held in stock and ready to ship. Free UK shipping on orders over £50.","146","918","","0","Results for your search","23","Raspberry Pi","12","Select currency","15","PIMORONI LTD.","13","","","","https://shop.pimoroni.com/collections/raspberry-pi","","","","","","235338","168","1.058","1","","138","67","0","100.000","84","39","0","9","7","0","","","","","ea42e3b20c41fc22c5fe0cbb59ffedc8","0.649","","","","","1.1","https://shop.pimoroni.com/collections/raspberry-pi","2022-03-04 10:47:34"
"https://shop.pimoroni.com/products/interstate-75","text/html; charset=utf-8","200","OK","Indexable","","Interstate 75 - RGB LED Matrix Driver - Pimoroni","48","436","Enter the (LED) matrix with this all-in-one, USB-C powered controller for HUB75 panels.","87","553","","0","Results for your search","23","Interstate 75 - RGB LED Matrix Driver","37","Select currency","15","Features","8","","","","https://shop.pimoroni.com/products/interstate-75","","","","","","258311","954","2.786","1","","4","2","0","2.990","91","45","0","21","17","0","","","","","1c31d45822a1f8fb7322be6af4e5a95c","0.618","","","","","1.1","https://shop.pimoroni.com/products/interstate-75","2022-03-04 10:47:34"
"https://shop.pimoroni.com/products/raspberry-pi-zero-2-w","text/html; charset=utf-8","200","OK","Indexable","","Raspberry Pi Zero 2 W - Pimoroni","32","301","A much beloved, uber hackable single board computer with wireless and Bluetooth - now with a quad-core, 64 bit CPU upgrade!","123","808","","0","Results for your search","23","Raspberry Pi Zero 2 W","21","Select currency","15","Key features","12","","","","https://shop.pimoroni.com/products/raspberry-pi-zero-2-w","","","","","","262388","743","2.151","1","","4","2","0","2.990","87","42","0","10","8","0","","","","","6c147598acbedb2cc1439110d1de1ca3","0.512","","","","","1.1","https://shop.pimoroni.com/products/raspberry-pi-zero-2-w","2022-03-04 10:47:35"
"https://shop.pimoroni.com/collections/new-products?sort=new","text/html; charset=utf-8","200","OK","Non-Indexable","Canonicalised","New Products - Pimoroni","23","221","The latest and greatest products from Pimoroni, Raspberry Pi, Adafruit, Sparkfun, and more - get the hottest new Maker products at Pimoroni!","140","897","","0","Results for your search","23","New Products","12","Select currency","15","PIMORONI LTD.","13","","","","https://shop.pimoroni.com/collections/new-products","","","","","","225070","168","1.106","1","","137","67","0","100.000","84","39","0","9","7","0","","","","","73835d7aaef2084a1e782f88bd047780","0.776","","","","","1.1","https://shop.pimoroni.com/collections/new-products?sort=new","2022-03-04 10:47:35"
"https://shop.pimoroni.com/pages/worldwide-distributors","text/html; charset=utf-8","200","OK","Indexable","","Worldwide Distributors - Pimoroni","33","296","We're very lucky to have some excellent distributors offering original Pimoroni wares around the globe. If you're based outside of the UK then they may be able to offer you our products with cheaper or faster shipping than buying direct from us.","245","1536","","0","Results for your search","23","Worldwide Distributors","22","Select currency","15","Distributor map","15","","","","https://shop.pimoroni.com/pages/worldwide-distributors","","","","","","214534","326","1.881","1","","72","67","0","100.000","92","39","0","15","8","0","","","","","6e58f8c5ef3c4941b8484b3b068bf270","0.484","","","","","1.1","https://shop.pimoroni.com/pages/worldwide-distributors","2022-03-04 10:47:35"
"https://shop.pimoroni.com/collections/pololu","text/html; charset=utf-8","200","OK","Indexable","","Pololu - Pimoroni","17","151","","0","0","","0","Results for your search","23","Pololu","6","Select currency","15","PIMORONI LTD.","13","","","","https://shop.pimoroni.com/collections/pololu","","","","","","237508","167","1.046","1","","137","67","0","100.000","84","39","0","9","7","0","","","","","776da43ada26848851c6ad7a0dd91edc","0.587","","","","","1.1","https://shop.pimoroni.com/collections/pololu","2022-03-04 10:47:35"
"https://shop.pimoroni.com/collections/sparkfun","text/html; charset=utf-8","200","OK","Indexable","","SparkFun - Pimoroni","19","183","SparkFun sell the bits and pieces to make your electronics projects possible. No matter what your vision is, their products and resources are designed to make the world of electronics more accessible to the average person.","222","1407","","0","Results for your search","23","SparkFun","8","Select currency","15","PIMORONI LTD.","13","","","","https://shop.pimoroni.com/collections/sparkfun","","","","","","225835","167","1.101","1","","137","67","0","100.000","84","39","0","9","7","0","","","","","80ae2e0373498c38623c3bac1f203b35","0.942","","","","","1.1","https://shop.pimoroni.com/collections/sparkfun","2022-03-04 10:47:35"
"https://shop.pimoroni.com/pages/reviews","text/html; charset=utf-8","200","OK","Indexable","","Reviews - Pimoroni","18","171","","0","0","","0","Results for your search","23","Read our 42,087 customer reviews","32","Select currency","15","Who collects our reviews","24","","","","https://shop.pimoroni.com/pages/reviews","","","","","","215237","403","1.734","1","","139","67","0","100.000","82","39","0","11","9","0","","","","","76314db76cde2fd17cf6c7dbf4f1075d","0.729","","","","","1.1","https://shop.pimoroni.com/pages/reviews","2022-03-04 10:47:36"
"https://shop.pimoroni.com/collections/displays","text/html; charset=utf-8","200","OK","Indexable","","Displays - Pimoroni","19","171","We offer a huge range of OLED, LCD, eInk, and LED displays to integrate into your projects. Ranging from bare breakout boards to addons for Feather, Raspberry Pi, Arduino, and more!","181","1176","","0","Results for your search","23","Displays","8","Select currency","15","PIMORONI LTD.","13","","","","https://shop.pimoroni.com/collections/displays","","","","","","226677","167","1.097","1","","137","67","0","100.000","84","39","0","9","7","0","","","","","cf4bbc63271d6cfc05ca9b54ce1b0f50","0.520","","","","","1.1","https://shop.pimoroni.com/collections/displays","2022-03-04 10:47:36"
"https://shop.pimoroni.com/collections/tools","text/html; charset=utf-8","200","OK","Indexable","","Tools - Pimoroni","16","145","No good Maker is complete without a range of nice tools. We've picked out the best we could find - really top quality, well-made tools that'll last you for years and years. We've got hand tools from brands like iFixit and Engineer Tools—screwdrivers, spudgers, pliers, and more—that are ideal if you build your own elect","320","1999","","0","Results for your search","23","Tools","5","Select currency","15","PIMORONI LTD.","13","","","","https://shop.pimoroni.com/collections/tools","","","","","","227176","167","1.093","1","","138","67","0","100.000","84","39","0","9","7","0","","","","","72360b3c49e5163f259efc4fc659a5dc","0.579","","","","","1.1","https://shop.pimoroni.com/collections/tools","2022-03-04 10:47:36"
"https://shop.pimoroni.com/collections/picade-and-arcade","text/html; charset=utf-8","200","OK","Indexable","","Gaming & Arcade - Pimoroni","26","255","Picade arcade cabinet for Raspberry Pi and other arcade accessories.","68","444","","0","Results for your search","23","Gaming & Arcade","15","Select currency","15","PIMORONI LTD.","13","","","","https://shop.pimoroni.com/collections/picade-and-arcade","","","","","","223909","169","1.113","1","","137","67","0","100.000","84","39","0","9","7","0","","","","","c10a5f5d8fdd811924fba331147f942","0.620","","","","","1.1","https://shop.pimoroni.com/collections/picade-and-arcade","2022-03-04 10:47:36"
"https://shop.pimoroni.com/collections/special-offers","text/html; charset=utf-8","200","OK","Indexable","","Special Offers on Raspberry Pi, Adafruit, SparkFun - Pimoroni","61","551","We have great discounts on selected items across our range!","59","388","","0","Results for your search","23","Special Offers!","15","Select currency","15","PIMORONI LTD.","13","","","","https://shop.pimoroni.com/collections/special-offers","","","","","","226017","168","1.103","1","","137","67","0","100.000","84","39","0","9","7","0","","","","","52da8eadacdd7e01c354570d66a2f7be","0.418","","","","","1.1","https://shop.pimoroni.com/collections/special-offers","2022-03-04 10:47:37"
"https://shop.pimoroni.com/collections/adafruit-feather-feather-wings-and-accessories","text/html; charset=utf-8","200","OK","Indexable","","Adafruit Feather in the UK - Next Day Delivery - Pimoroni","57","507","A range of affordable and small development boards with stackable add-on boards. All held in stock and ready to ship. Free shipping on orders over £50.","151","967","","0","Results for your search","23","Feather by Adafruit","19","Select currency","15","PIMORONI LTD.","13","","","","https://shop.pimoroni.com/collections/adafruit-feather-feather-wings-and-accessories","","","","","","227297","169","1.099","1","","137","67","0","100.000","84","39","0","9","7","0","","","","","59074d6f60f9d62f1784f246f86bc0d6","0.588","","","","","1.1","https://shop.pimoroni.com/collections/adafruit-feather-feather-wings-and-accessories","2022-03-04 10:47:37"
"https://shop.pimoroni.com/products/raspberry-pi-pico","text/html; charset=utf-8","200","OK","Indexable","","Raspberry Pi Pico - Pimoroni","28","256","A low cost, high-performance microcontroller board built around Raspberry Pi's very own chip - the RP2040.","106","682","","0","Results for your search","23","Raspberry Pi Pico","17","Select currency","15","Board Specifications","20","","","","https://shop.pimoroni.com/products/raspberry-pi-pico","","","","","","272460","854","2.455","1","","3","2","0","2.990","88","42","0","18","16","0","","","","","b363c9ed4379db0e3b92c8bd0579cd0","0.747","","","","","1.1","https://shop.pimoroni.com/products/raspberry-pi-pico","2022-03-04 10:47:37"
"https://shop.pimoroni.com/pages/about-us","text/html; charset=utf-8","200","OK","Indexable","","About Us - Pimoroni","19","179","We are a company of Makers and educators based in Sheffield, UK. Creators of the Pibow case for Raspberry Pi and the UK's largest Adafruit reseller","147","948","","0","Results for your search","23","About Us","8","Select currency","15","Made in the UK","14","","","","https://shop.pimoroni.com/pages/about-us","","","","","","214711","354","2.011","1","","72","67","0","100.000","92","39","0","14","7","0","","","","","4eaae9904bb9a4197f0f6a8353ebf058","0.655","","","","","1.1","https://shop.pimoroni.com/pages/about-us","2022-03-04 10:47:38"
"https://shop.pimoroni.com/collections/kits","text/html; charset=utf-8","200","OK","Indexable","","Electronic Kits. Build. Something. Awesome. - Pimoroni","54","490","Kits are great all-in-one bundles that make perfect gifts, holiday projects, or just as a way to get started with something. Most of our range of kits blend creativity and making with electronics and coding. Our fantastic Raspberry Pi Kits cover all the bases, from beginners to specific projects like our Pirate Radio a","320","1956","","0","Results for your search","23","Kits","4","Select currency","15","PIMORONI LTD.","13","","","","https://shop.pimoroni.com/collections/kits","","","","","","226473","167","1.096","1","","137","67","0","100.000","84","39","0","9","7","0","","","","","af9973ccf384096ba1347a2911c2257a","0.664","","","","","1.1","https://shop.pimoroni.com/collections/kits","2022-03-04 10:47:38"
"https://shop.pimoroni.com/collections/robotics","text/html; charset=utf-8","200","OK","Indexable","","Robotics - Pimoroni","19","174","","0","0","","0","Results for your search","23","Robotics","8","Select currency","15","PIMORONI LTD.","13","","","","https://shop.pimoroni.com/collections/robotics","","","","","","227412","167","1.093","1","","137","67","0","100.000","84","39","0","9","7","0","","","","","a13b6e4692e3fd89c187dcc2fda895ef","0.506","","","","","1.1","https://shop.pimoroni.com/collections/robotics","2022-03-04 10:47:38"
"https://shop.pimoroni.com/collections/sensors","text/html; charset=utf-8","200","OK","Indexable","","Sensors - Pimoroni","18","170","Oodles of lovely sensors for use with Raspberry Pi, Arduino and Adafruit boards - monitor temperature, humidity, pressure, air quality, motion, light, distance and more!","169","1056","","0","Results for your search","23","Sensors","7","Select currency","15","PIMORONI LTD.","13","","","","https://shop.pimoroni.com/collections/sensors","","","","","","225501","167","1.102","1","","137","67","0","100.000","84","39","0","9","7","0","","","","","bb371f382c6f92afc2c3256c205dbfd0","0.588","","","","","1.1","https://shop.pimoroni.com/collections/sensors","2022-03-04 10:47:38"
"https://shop.pimoroni.com/collections/electronics","text/html; charset=utf-8","200","OK","Indexable","","Breakouts, Boards & Electronics - Pimoroni","42","384","Breakouts add handy functions to your microcontroller, be it a Raspberry Pi, Arduino, or something else. They tend to be dedicated to just one or a couple of functions, like audio output, motor driving, or sensors, but can be built up into larger projects. Our growing range of Pimoroni breakouts cover a range of functi","320","1990","","0","Results for your search","23","Breakouts, Boards & Electronics","31","Select currency","15","PIMORONI LTD.","13","","","","https://shop.pimoroni.com/collections/electronics","","","","","","227028","170","1.105","1","","137","67","0","100.000","84","39","0","9","7","0","","","","","17275eea302ac71ebe21695865b7796e","0.611","","","","","1.1","https://shop.pimoroni.com/collections/electronics","2022-03-04 10:47:38"
"https://shop.pimoroni.com/account/login","","0","Blocked by robots.txt","Non-Indexable","Blocked by robots.txt","","0","0","","0","0","","0","","0","","0","","0","","0","","","","","","","","","","0","0","0.000","1","","67","67","0","100.000","0","0","0","0","0","0","","","","","","","","","","","None","https://shop.pimoroni.com/account/login","2022-03-04 10:47:39"
"https://shop.pimoroni.com/collections/pimoroni","text/html; charset=utf-8","200","OK","Indexable","","Pimoroni Products - Pimoroni","28","260","We make irresistibly attractive electronics more accessible by offering a friendly helping hand. Our fine crew of Pirates, Monkeys, Robots and Ninjas have been trading tech treasure to tinkerers from sunny Sheffield-on-Sea for five years!","238","1490","","0","Results for your search","23","Pimoroni","8","Select currency","15","PIMORONI LTD.","13","","","","https://shop.pimoroni.com/collections/pimoroni","","","","","","226106","167","1.100","1","","209","67","0","100.000","84","39","0","9","7","0","","","","","d4153f2c95b1453d90c74bd9f1d7de26","0.571","","","","","1.1","https://shop.pimoroni.com/collections/pimoroni","2022-03-04 10:47:39"
"https://shop.pimoroni.com/collections/arduino-microcontrollers","text/html; charset=utf-8","200","OK","Indexable","","Arduino & Microcontrollers - Pimoroni","37","331","Arduino and other Arduino-compatible microcontrollers are perfect when you need a small, rock-solid controller for your project. Program them, pop them into your project, and they'll happily run forever. We've got a range of different options. Arduino have a whole host of boards with different features and of different","320","1996","","0","Results for your search","23","Arduino & Microcontrollers","26","Select currency","15","PIMORONI LTD.","13","","","","https://shop.pimoroni.com/collections/arduino-microcontrollers","","","","","","227950","169","1.099","1","","137","67","0","100.000","84","39","0","9","7","0","","","","","b76d3f561e80dc5dc58a7585cc878ee1","0.731","","","","","1.1","https://shop.pimoroni.com/collections/arduino-microcontrollers","2022-03-04 10:47:39"
"https://shop.pimoroni.com/products/weather-hat","text/html; charset=utf-8","200","OK","Indexable","","Weather HAT + Weather Sensors Kit - Pimoroni","44","426","A meteorologically minded Raspberry Pi HAT designed to make hooking up weather sensors a breeze (or a squall, or a gale).","121","793","","0","Results for your search","23","Weather HAT + Weather Sensors Kit","33","Select currency","15","Features","8","","","","https://shop.pimoroni.com/products/weather-hat","","","","","","261397","881","2.512","1","","5","3","0","4.480","88","43","0","23","20","0","","","","","e50a1ac853348374e3a2faad4d13b16","0.622","","","","","1.1","https://shop.pimoroni.com/products/weather-hat","2022-03-04 10:47:39"
"https://shop.pimoroni.com/collections/kids","text/html; charset=utf-8","200","OK","Indexable","","Kids - Badges, Books and Kits - Pimoroni","40","366","Young or old, big or small, this collection of kits, projects, and more will keep your little nippers occupied and help start their journey into the world of electronics and Making. Our Kids collection is a mix of fun, creativity, and learning. Build your own synthesizer, create electronic clay models and paint circuit","320","1925","","0","Results for your search","23","Kids","4","Select currency","15","PIMORONI LTD.","13","","","","https://shop.pimoroni.com/collections/kids","","","","","","226203","167","1.097","1","","137","67","0","100.000","84","39","0","9","7","0","","","","","346860d369680efa9b7bf7d669f71f95","0.617","","","","","1.1","https://shop.pimoroni.com/collections/kids","2022-03-04 10:47:39"
"https://shop.pimoroni.com/collections/breakout-garden","text/html; charset=utf-8","200","OK","Indexable","","Breakout Garden - Pimoroni","26","250","Breakout Garden is the easiest way to use breakouts with your Raspberry Pi. There's no soldering required, just pop up to six compatible breakouts into the slots on Breakout Garden and get started coding and creating.","217","1382","","0","Results for your search","23","Breakout Garden","15","Select currency","15","PIMORONI LTD.","13","","","","https://shop.pimoroni.com/collections/breakout-garden","","","","","","225298","168","1.107","1","","139","67","0","100.000","84","39","0","9","7","0","","","","","642a45d40cda08cee148e1b2ab6ce7ec","0.598","","","","","1.1","https://shop.pimoroni.com/collections/breakout-garden","2022-03-04 10:47:39"
"https://shop.pimoroni.com/collections/3d-printing","text/html; charset=utf-8","200","OK","Indexable","","3D Printing - Pimoroni","22","195","","0","0","","0","Results for your search","23","3D Printing","11","Select currency","15","PIMORONI LTD.","13","","","","https://shop.pimoroni.com/collections/3d-printing","","","","","","220388","168","1.129","1","","137","67","0","100.000","84","39","0","9","7","0","","","","","176ba4ac8a9a8a00bef2938734f8f68a","0.613","","","","","1.1","https://shop.pimoroni.com/collections/3d-printing","2022-03-04 10:47:40"
"https://shop.pimoroni.com/products/inky-impression-4","text/html; charset=utf-8","200","OK","Indexable","","Inky Impression 4"" (7 colour ePaper/eInk HAT) - Pimoroni","56","512","A vibrant, highly concentrated 4"" (640 x 400 pixel) 7 colour electronic paper display for Raspberry Pi.","103","635","","0","Results for your search","23","Inky Impression 4"" (7 colour ePaper/eInk HAT)","45","Select currency","15","Features","8","","","","https://shop.pimoroni.com/products/inky-impression-4","","","","","","251580","954","3.208","1","","4","2","0","2.990","89","44","0","13","10","0","","","","","916597f9005add25eb28f50a7ceb6a35","0.553","","","","","1.1","https://shop.pimoroni.com/products/inky-impression-4","2022-03-04 10:47:40"
"https://shop.pimoroni.com/collections/ifixit","text/html; charset=utf-8","200","OK","Indexable","","iFixit - Pimoroni","17","137","Famous for their iPhone teardowns and repair guides the iFixit range of tools will never let you down.","102","637","","0","Results for your search","23","iFixit","6","Select currency","15","PIMORONI LTD.","13","","","","https://shop.pimoroni.com/collections/ifixit","","","","","","219734","167","1.131","1","","138","67","0","100.000","84","39","0","9","7","0","","","","","7fbd30987a6206dd5858f554c75308a9","0.564","","","","","1.1","https://shop.pimoroni.com/collections/ifixit","2022-03-04 10:47:40"
"https://shop.pimoroni.com/account/register","","0","Blocked by robots.txt","Non-Indexable","Blocked by robots.txt","","0","0","","0","0","","0","","0","","0","","0","","0","","","","","","","","","","0","0","0.000","1","","67","67","0","100.000","0","0","0","0","0","0","","","","","","","","","","","None","https://shop.pimoroni.com/account/register","2022-03-04 10:47:41"
"https://shop.pimoroni.com/collections/micro-bit-uk","text/html; charset=utf-8","200","OK","Indexable","","micro:bit Kits, Add-ons, and Accessories - Pimoroni","51","456","The BBC micro:bit is a popular pocket-sized computer with motion detection, a compass, LED display, Bluetooth and tons of educational uses. We've also got lots of micro:bit addons - like LEDs, sensors and inputs. We've even got kits to make micro:bit robots!","258","1637","","0","Results for your search","23","micro:bit Kits, Add-ons, and Accessories","40","Select currency","15","PIMORONI LTD.","13","","","","https://shop.pimoroni.com/collections/micro-bit-uk","","","","","","226553","171","1.112","1","","139","67","0","100.000","84","39","0","9","7","0","","","","","acb26d85d5116a79752c1b564ea9bdc3","0.675","","","","","1.1","https://shop.pimoroni.com/collections/micro-bit-uk","2022-03-04 10:47:40"
"https://shop.pimoroni.com/collections/adafruit","text/html; charset=utf-8","200","OK","Indexable","","The Largest UK Based Adafruit Distributor - Next Day Delivery - Pimoroni","72","649","A huge range of Adafruit breakout boards, sensors, kits, and Raspberry Pi HATs. All held in stock and ready to ship. Free shipping on orders over £50.","150","951","","0","Results for your search","23","Adafruit - Breakout Boards, Sensors, and Kits","45","Select currency","15","PIMORONI LTD.","13","","","","https://shop.pimoroni.com/collections/adafruit","","","","","","226833","173","1.112","1","","137","67","0","100.000","84","39","0","9","7","0","","","","","b09afa92b94e617eb1eb9b5d4e24c1cb","0.494","","","","","1.1","https://shop.pimoroni.com/collections/adafruit","2022-03-04 10:47:41"
"https://shop.pimoroni.com/collections/audio","text/html; charset=utf-8","200","OK","Indexable","","Audio - Pimoroni","16","147","","0","0","","0","Results for your search","23","Audio","5","Select currency","15","PIMORONI LTD.","13","","","","https://shop.pimoroni.com/collections/audio","","","","","","224869","167","1.104","1","","137","67","0","100.000","84","39","0","9","7","0","","","","","67c9ecfa075b22fdf61672f606f38b5e","0.720","","","","","1.1","https://shop.pimoroni.com/collections/audio","2022-03-04 10:47:41"
"https://shop.pimoroni.com/collections/pico","text/html; charset=utf-8","200","OK","Indexable","","Raspberry Pi Pico - Pimoroni","28","256","Picos with and without pre-soldered headers as well as all sorts of exciting Pico compatible extras: LCD screens and displays, RGB LED matrices, audio accessories, keypads, buttons, buzzers and expanders!","204","1314","","0","Results for your search","23","Raspberry Pi Pico","17","Select currency","15","PIMORONI LTD.","13","","","","https://shop.pimoroni.com/collections/pico","","","","","","227192","169","1.098","1","","139","67","0","100.000","84","39","0","9","7","0","","","","","49d354fbb87dbfe74136906adaaabdc","0.569","","","","","1.1","https://shop.pimoroni.com/collections/pico","2022-03-04 10:47:42"
"https://shop.pimoroni.com/pages/shipping-information","text/html; charset=utf-8","200","OK","Indexable","","Shipping Information - Pimoroni","31","280","We offer flat rate UK shipping for £3.00 and try to ensure competitive rates to almost any destination in the world.","116","714","","0","Results for your search","23","Shipping Information","20","Select currency","15","February 2022 Update","20","","","","https://shop.pimoroni.com/pages/shipping-information","","","","","","219927","945","3.622","1","","352","67","0","100.000","92","39","0","18","11","0","","","","","a07b302cb19290afbb1bd568ce2590f5","0.619","","","","","1.1","https://shop.pimoroni.com/pages/shipping-information","2022-03-04 10:47:42"
"https://shop.pimoroni.com/collections/velleman","text/html; charset=utf-8","200","OK","Indexable","","Velleman - Pimoroni","19","179","","0","0","","0","Results for your search","23","Velleman","8","Select currency","15","PIMORONI LTD.","13","","","","https://shop.pimoroni.com/collections/velleman","","","","","","228880","167","1.086","1","","137","67","0","100.000","84","39","0","9","7","0","","","","","3fa32aac4fc4ee92208f8f52b280206d","1.577","","","","","1.1","https://shop.pimoroni.com/collections/velleman","2022-03-04 10:47:41"
"https://shop.pimoroni.com/collections/prototyping","text/html; charset=utf-8","301","Moved Permanently","Non-Indexable","Redirected","","0","0","","0","0","","0","","0","","0","","0","","0","","","","","","","","","","0","0","0.000","1","","134","67","0","100.000","0","0","0","0","0","0","","","","","","0.608","","https://shop.pimoroni.com/collections/components","HTTP Redirect","","1.1","https://shop.pimoroni.com/collections/prototyping","2022-03-04 10:47:43"
"https://shop.pimoroni.com/collections/qwiic","text/html; charset=utf-8","200","OK","Indexable","","Qwiic - Pimoroni","16","145","Qwiic, STEMMA QT and Qw/ST connectors and cables can be used to connect I2C breakouts and microcontrollers quickly, easily and without soldering. We stock our homegrown Qw/ST boards plus ones made by Sparkfun and Adafruit.","222","1491","","0","Results for your search","23","Qwiic","5","Select currency","15","PIMORONI LTD.","13","","","","https://shop.pimoroni.com/collections/qwiic","","","","","","214549","167","1.157","2","","5","3","0","4.480","84","40","0","9","7","0","","","","","daf51287f24a05696185352a5371f255","0.791","","","","","1.1","https://shop.pimoroni.com/collections/qwiic","2022-03-04 10:47:43"
"https://shop.pimoroni.com/collections/all?vendor=Raspberry+Pi","","0","Blocked by robots.txt","Non-Indexable","Blocked by robots.txt","","0","0","","0","0","","0","","0","","0","","0","","0","","","","","","","","","","0","0","0.000","2","","8","8","0","11.940","0","0","0","0","0","0","","","","","","","","","","","None","https://shop.pimoroni.com/collections/all?vendor=Raspberry+Pi","2022-03-04 10:47:44"
"https://shop.pimoroni.com/collections/new-products","text/html; charset=utf-8","200","OK","Indexable","","New Products - Pimoroni","23","221","The latest and greatest products from Pimoroni, Raspberry Pi, Adafruit, Sparkfun, and more - get the hottest new Maker products at Pimoroni!","140","897","","0","Results for your search","23","New Products","12","Select currency","15","PIMORONI LTD.","13","","","","https://shop.pimoroni.com/collections/new-products","","","","","","225070","168","1.106","2","","3","1","0","1.490","84","40","0","9","7","0","","","","","73835d7aaef2084a1e782f88bd047780","0.457","","","","","1.1","https://shop.pimoroni.com/collections/new-products","2022-03-04 10:47:44"
"https://shop.pimoroni.com/products/jst-sh-cable-qwiic-stemma-qt-compatible","text/html; charset=utf-8","200","OK","Indexable","","JST-SH cable - Qwiic / STEMMA QT compatible - Pimoroni","54","525","These 4 pin JST -SH cables are great for hooking up SparkFun Qwiic or Adafruit STEMMA QT boards","95","644","","0","Results for your search","23","JST-SH cable - Qwiic / STEMMA QT compatible","43","Select currency","15","Features","8","","","","https://shop.pimoroni.com/products/jst-sh-cable-qwiic-stemma-qt-compatible","","","","","","251681","407","1.526","2","","5","3","0","4.480","87","42","0","11","9","0","","","","","ce72d45cde9709f316e02dcc9f4f2345","0.420","","","","","1.1","https://shop.pimoroni.com/products/jst-sh-cable-qwiic-stemma-qt-compatible","2022-03-04 10:47:44"
"https://shop.pimoroni.com/collections/pimoroni-breakouts","text/html; charset=utf-8","200","OK","Indexable","","Pimoroni Breakouts - Pimoroni","29","271","","0","0","","0","Results for your search","23","Pimoroni Breakouts","18","Select currency","15","PIMORONI LTD.","13","","","","https://shop.pimoroni.com/collections/pimoroni-breakouts","","","","","","212888","168","1.172","2","","5","3","0","4.480","84","40","0","9","7","0","","","","","eca34d6724eb94c77c043c546542a9f3","0.446","","","","","1.1","https://shop.pimoroni.com/collections/pimoroni-breakouts","2022-03-04 10:47:45"
"https://shop.pimoroni.com/products/noobs-32gb-microsd-card-3-1","text/html; charset=utf-8","200","OK","Indexable","","NOOBS microSD card (3.3) - Pimoroni","35","344","This handy little 32GB microSD card comes with an SD adaptor and NOOBS already installed. Perfect for a Raspberry Pi beginner and convenient for those with more experience","171","1122","","0","Results for your search","23","NOOBS microSD card (3.3)","24","Select currency","15","PIMORONI LTD.","13","","","","https://shop.pimoroni.com/products/noobs-32gb-microsd-card-3-1","","","","","","249450","395","1.560","2","","3","2","0","2.990","86","41","0","9","7","0","","","","","f57db8e7e0241474f7a5f86bf8dc31e4","0.353","","","","","1.1","https://shop.pimoroni.com/products/noobs-32gb-microsd-card-3-1","2022-03-04 10:47:46"
"https://shop.pimoroni.com/collections/components","text/html; charset=utf-8","200","OK","Indexable","","Components - Pimoroni","21","210","This is where you'll find all sorts of handy bits and bobs for your projects, or just to stock up your kit box. Wires, LEDs, speakers, power supplies, header pins, sensors, integrated circuits, you name it! As well as individual components, our Maker Essentials Kits collect together handy selections of related componen","320","1980","","0","Results for your search","23","Components","10","Select currency","15","PIMORONI LTD.","13","","","","https://shop.pimoroni.com/collections/components","","","","","","233820","167","1.064","2","","3","1","0","1.490","84","40","0","9","7","0","","","","","320de336e4a461489fd9f4761066a6ba","0.431","","","","","1.1","https://shop.pimoroni.com/collections/components","2022-03-04 10:47:48"
"https://shop.pimoroni.com/products/inky-what","text/html; charset=utf-8","200","OK","Indexable","","Inky wHAT - Large e-Ink Display - Pimoroni","42","384","Inky wHAT is a 400x300 pixel electronic paper (ePaper / eInk / EPD) display for Raspberry Pi, a larger version of our popular Inky pHAT display, with more than 5x the number of pixels, and available in three colour schemes - red/black/white, yellow/black/white, and black/white.","278","1745","","0","Results for your search","23","Inky wHAT - Large e-Ink Display","31","Select currency","15","Features","8","","","","https://shop.pimoroni.com/products/inky-what","","","","","","257661","729","2.273","2","","3","2","0","2.990","87","42","0","12","9","0","","","","","b879f99d04948399c49f89b7d3cea47c","1.498","","","","","1.1","https://shop.pimoroni.com/products/inky-what","2022-03-04 10:47:47"
"https://shop.pimoroni.com/products/raspberry-pi-camera-module-v2?variant=19833929735","text/html; charset=utf-8","200","OK","Non-Indexable","Canonicalised","Raspberry Pi Camera v2 - Pimoroni","33","316","The Raspberry Pi Camera Module v2 is an 8 megapixel Sony IMX219 image sensor custom designed add-on board for Raspberry Pi, featuring a fixed focus lens.","153","1021","","0","Results for your search","23","Raspberry Pi Camera v2","22","Select currency","15","PIMORONI LTD.","13","","","","https://shop.pimoroni.com/products/raspberry-pi-camera-module-v2","","","","","","255049","490","1.724","2","","3","2","0","2.990","87","42","0","9","7","0","","","","","5b0bc2135647e6f5d98450415b20a025","0.312","","","","","1.1","https://shop.pimoroni.com/products/raspberry-pi-camera-module-v2?variant=19833929735","2022-03-04 10:47:49"
"https://shop.pimoroni.com/collections/stemma-qt","text/html; charset=utf-8","200","OK","Indexable","","STEMMA QT - Pimoroni","20","216","","0","0","","0","Results for your search","23","STEMMA QT","9","Select currency","15","PIMORONI LTD.","13","","","","https://shop.pimoroni.com/collections/stemma-qt","","","","","","213933","168","1.163","2","","5","3","0","4.480","84","40","0","9","7","0","","","","","e745da64d0c16bc91d35ce65cf81b8ca","0.409","","","","","1.1","https://shop.pimoroni.com/collections/stemma-qt","2022-03-04 10:47:49"
"https://shop.pimoroni.com/products/brass-m2-5-standoffs-for-pi-hats-black-plated-pack-of-2","text/html; charset=utf-8","200","OK","Indexable","","Brass M2.5 Standoffs for Pi HATs - Black (pack of 2) - Pimoroni","63","567","Our standoffs are engineered specifically to keep your Pi HAT or pHAT snug and supported on your Pi while also keeping the two boards separated. They're the perfect companion for any Pi HAT/pHAT combo.","201","1321","","0","Results for your search","23","M2.5 Standoffs for Pi HATs - Black Plated - Pack of 2","53","Select currency","15","PIMORONI LTD.","13","","","","https://shop.pimoroni.com/products/brass-m2-5-standoffs-for-pi-hats-black-plated-pack-of-2","","","","","","248144","331","1.386","2","","3","2","0","2.990","88","41","0","9","7","0","","","","","119e197393902df9e4859aa70d127aa6","0.520","","","","","1.1","https://shop.pimoroni.com/products/brass-m2-5-standoffs-for-pi-hats-black-plated-pack-of-2","2022-03-04 10:47:49"
"https://shop.pimoroni.com/collections/all?vendor=Pimoroni","text/html; charset=utf-8","200","OK","Non-Indexable","Canonicalised","All - Pimoroni","14","118","","0","0","","0","Results for your search","23","All","3","Select currency","15","PIMORONI LTD.","13","","","","https://shop.pimoroni.com/collections/all","","","","","","225835","167","1.099","2","","9","7","0","10.450","84","40","0","9","7","0","","","","","3453698ca9d0639cd8c9e8122938a866","0.373","","","","","1.1","https://shop.pimoroni.com/collections/all?vendor=Pimoroni","2022-03-04 10:47:50"
"https://shop.pimoroni.com/products/40-pin-gpio-extension-cable","text/html; charset=utf-8","200","OK","Indexable","","GPIO Ribbon Extension Cable for HATs and Mini HATs - Pimoroni","61","587","This handy 40 pin GPIO extender cable lets you put a bit of distance between your Raspberry Pi and your favourite HAT - useful for positioning sensors away from your Pi and for building epic mounts!","198","1261","","0","Results for your search","23","GPIO Ribbon Extension Cable for HATs and Mini HATs","50","Select currency","15","Features","8","","","","https://shop.pimoroni.com/products/40-pin-gpio-extension-cable","","","","","","247079","389","1.513","2","","3","2","0","2.990","85","40","0","9","7","0","","","","","c7fed7dcb1e127a30d83cf41b63c11fd","0.395","","","","","1.1","https://shop.pimoroni.com/products/40-pin-gpio-extension-cable","2022-03-04 10:47:50"
"https://shop.pimoroni.com/products/wind-and-rain-sensors-for-weather-station-wind-vane-anemometer-rain-gauge","text/html; charset=utf-8","200","OK","Indexable","","Wind and Rain Sensors for Weather Station (Wind Vane / Anemometer / Ra - Pimoroni","81","772","Want to build your own weather station? This sensor kit has a cup anemometer and wind vane to measure wind speed and direction and a tipping bucket style rain gauge, together with associated mounting hardware.","209","1365","","0","Results for your search","23","Wind and Rain Sensors for Weather Station (Wind Vane / Anemometer / Rain Gauge)","79","Select currency","15","Resources","9","","","","https://shop.pimoroni.com/products/wind-and-rain-sensors-for-weather-station-wind-vane-anemometer-rain-gauge","","","","","","252698","573","1.945","2","","3","2","0","2.990","88","43","0","13","11","0","","","","","384bf35676ccde739841e767ea625a43","0.311","","","","","1.1","https://shop.pimoroni.com/products/wind-and-rain-sensors-for-weather-station-wind-vane-anemometer-rain-gauge","2022-03-04 10:47:50"
"https://shop.pimoroni.com/products/stemma-qt-qwiic-to-breakout-garden-adapter","text/html; charset=utf-8","200","OK","Indexable","","STEMMA QT / Qwiic to Breakout Garden Adapter - Pimoroni","55","540","This adapter lets you connect a Breakout Garden breakout to a device with a STEMMA QT/Qwiic port, for ultimate compatibility and ease of prototyping.","149","960","","0","Results for your search","23","STEMMA QT / Qwiic to Breakout Garden Adapter","44","Select currency","15","PIMORONI LTD.","13","","","","https://shop.pimoroni.com/products/stemma-qt-qwiic-to-breakout-garden-adapter","","","","","","255912","407","1.550","2","","3","2","0","2.990","88","42","0","9","7","0","","","","","54db22d03fdfd2da08ca4bf28a70a8","0.395","","","","","1.1","https://shop.pimoroni.com/products/stemma-qt-qwiic-to-breakout-garden-adapter","2022-03-04 10:47:51"
"https://shop.pimoroni.com/collections/raspberry-pi?stock=true&filter=HATs+%26+pHATs","","0","Blocked by robots.txt","Non-Indexable","Blocked by robots.txt","","0","0","","0","0","","0","","0","","0","","0","","0","","","","","","","","","","0","0","0.000","2","","1","1","0","1.490","0","0","0","0","0","0","","","","","","","","","","","None","https://shop.pimoroni.com/collections/raspberry-pi?stock=true&filter=HATs+%26+pHATs","2022-03-04 10:47:52"
"https://shop.pimoroni.com/products/raspberry-pi-4","text/html; charset=utf-8","200","OK","Indexable","","Raspberry Pi 4 Model B - Pimoroni","33","308","Raspberry Pi 4 has up to 8GB RAM, a faster quad-core CPU, support for dual displays at up to 4K resolution, Gigabit Ethernet, USB3.0, wireless LAN, Bluetooth 5.0, and USB-C power. That's desktop PC performance!","210","1368","","0","Results for your search","23","Raspberry Pi 4 Model B","22","Select currency","15","Features","8","","","","https://shop.pimoroni.com/products/raspberry-pi-4","","","","","","271634","909","2.516","2","","4","3","0","4.480","88","43","0","9","7","0","","","","","206891539a2dd712d9c53f9735d7dd7a","0.220","","","","","1.1","https://shop.pimoroni.com/products/raspberry-pi-4","2022-03-04 10:47:52"
"https://shop.pimoroni.com/products/micro-hdmi-to-hdmi-adapter","text/html; charset=utf-8","301","Moved Permanently","Non-Indexable","Redirected","","0","0","","0","0","","0","","0","","0","","0","","0","","","","","","","","","","0","0","0.000","3","","1","1","0","1.490","0","0","0","0","0","0","","","","","","0.243","","https://shop.pimoroni.com/products/micro-hdmi-to-hdmi-adapter-cable","HTTP Redirect","","1.1","https://shop.pimoroni.com/products/micro-hdmi-to-hdmi-adapter","2022-03-04 10:47:53"
"https://shop.pimoroni.com/products/sparkfun-weather-shield","text/html; charset=utf-8","200","OK","Indexable","","SparkFun Weather Shield - Pimoroni","34","325","The Weather Shield is an easy to use Arduino shield that grants you access to barometric pressure, relative humidity, luminosity and temperature.","145","922","","0","Results for your search","23","SparkFun Weather Shield","23","Select currency","15","PIMORONI LTD.","13","","","","https://shop.pimoroni.com/products/sparkfun-weather-shield","","","","","","252362","432","1.664","3","","2","2","0","2.990","85","41","0","18","16","0","","","","","3e60539ab0be996879751febecd20632","0.408","","","","","1.1","https://shop.pimoroni.com/products/sparkfun-weather-shield","2022-03-04 10:47:52"
"https://shop.pimoroni.com/collections/hats","text/html; charset=utf-8","200","OK","Indexable","","HATs for Raspberry Pi - Pimoroni","32","297","An extensive selection of add-on boards designed especially for the Raspberry Pi - hi res displays, sensors, amps and DACs and ALL the LEDs!","140","908","","0","Results for your search","23","HATs & pHATs for Raspberry Pi","29","Select currency","15","PIMORONI LTD.","13","","","","https://shop.pimoroni.com/collections/hats","","","","","","226911","172","1.105","3","","5","2","0","2.990","84","40","0","9","7","0","","","","","b4e7a8fe5909b3ecb9438f715e0885a1","0.405","","","","","1.1","https://shop.pimoroni.com/collections/hats","2022-03-04 10:47:53"
"https://shop.pimoroni.com/products/sparkfun-weather-bit-micro-bit-carrier-board-qwiic","text/html; charset=utf-8","200","OK","Indexable","","SparkFun weather:bit - micro:bit Carrier Board (Qwiic) - Pimoroni","65","576","The SparkFun weather:bit is a fully loaded ""carrier"" board for the micro:bit that, when combined with the micro:bit, provides you with a fully functional weather station.","170","1042","","0","Results for your search","23","SparkFun weather:bit - micro:bit Carrier Board (Qwiic)","54","Select currency","15"," Features","9","","","","https://shop.pimoroni.com/products/sparkfun-weather-bit-micro-bit-carrier-board-qwiic","","","","","","254995","514","1.841","3","","2","2","0","2.990","86","42","0","18","15","0","","","","","359e0aac1729ceaa66910e753df04126","0.426","","","","","1.1","https://shop.pimoroni.com/products/sparkfun-weather-bit-micro-bit-carrier-board-qwiic","2022-03-04 10:47:53"
"https://shop.pimoroni.com/collections/all","text/html; charset=utf-8","200","OK","Indexable","","All - Pimoroni","14","118","","0","0","","0","Results for your search","23","All","3","Select currency","15","PIMORONI LTD.","13","","","","https://shop.pimoroni.com/collections/all","","","","","","225835","167","1.099","3","","3","1","0","1.490","84","40","0","9","7","0","","","","","3453698ca9d0639cd8c9e8122938a866","0.224","","","","","1.1","https://shop.pimoroni.com/collections/all","2022-03-04 10:47:54"
"https://shop.pimoroni.com/products/raspberry-pi-camera-module-v2","text/html; charset=utf-8","200","OK","Indexable","","Raspberry Pi Camera v2 - Pimoroni","33","316","The Raspberry Pi Camera Module v2 is an 8 megapixel Sony IMX219 image sensor custom designed add-on board for Raspberry Pi, featuring a fixed focus lens.","153","1021","","0","Results for your search","23","Raspberry Pi Camera v2","22","Select currency","15","PIMORONI LTD.","13","","","","https://shop.pimoroni.com/products/raspberry-pi-camera-module-v2","","","","","","255009","490","1.725","3","","2","1","0","1.490","87","42","0","9","7","0","","","","","8f9d41385b679d8982afed8e851726d5","0.238","","","","","1.1","https://shop.pimoroni.com/products/raspberry-pi-camera-module-v2","2022-03-04 10:47:55"
"https://shop.pimoroni.com/products/raspberry-pi-4-starter-kit","text/html; charset=utf-8","404","Not Found","Non-Indexable","Client Error","","0","0","","0","0","","0","","0","","0","","0","","0","","","","","","","","","","0","0","0.000","3","","1","1","0","1.490","0","0","0","0","0","0","","","","","","0.265","","","","","1.1","https://shop.pimoroni.com/products/raspberry-pi-4-starter-kit","2022-03-04 10:47:55"
"https://shop.pimoroni.com/products/camera-cable-raspberry-pi-zero-edition","text/html; charset=utf-8","200","OK","Indexable","","Camera Cable - Raspberry Pi Zero edition - Pimoroni","51","470","Ribbon cables with a small 22-pin/0.5mm pitch connector at one end and a big 15-pin/1mm pitch connector at the other.","117","758","","0","Results for your search","23","Camera Cable - Raspberry Pi Zero edition","40","Select currency","15","PIMORONI LTD.","13","","","","https://shop.pimoroni.com/products/camera-cable-raspberry-pi-zero-edition","","","","","","251149","350","1.416","3","","5","4","0","5.970","87","42","0","9","7","0","","","","","543da1a5ccf5617d4b609fd3bdecb3c","0.299","","","","","1.1","https://shop.pimoroni.com/products/camera-cable-raspberry-pi-zero-edition","2022-03-04 10:47:55"
"https://shop.pimoroni.com/products/micro-hdmi-to-hdmi-adapter-cable","text/html; charset=utf-8","200","OK","Indexable","","Micro-HDMI to HDMI adapter cable - Pimoroni","43","411","Use this micro-HDMI (male) to HDMI (female) adapter cable to connect your Raspberry Pi 4 to a display using a standard HDMI cable. It's slim enough that you can use two side-by-side with your Raspberry Pi 4 to connect dual displays.","232","1486","","0","Results for your search","23","Micro-HDMI to HDMI adapter cable","32","Select currency","15","Features","8","","","","https://shop.pimoroni.com/products/micro-hdmi-to-hdmi-adapter-cable","","","","","","247821","326","1.392","4","","2","1","0","1.490","85","40","0","9","7","0","","","","","efff08359a60ed3036dd5b88e6177fb8","0.324","","","","","1.1","https://shop.pimoroni.com/products/micro-hdmi-to-hdmi-adapter-cable","2022-03-04 10:47:57"
"https://shop.pimoroni.com/products/products/raspberry-pi-camera-module-v2","text/html; charset=utf-8","404","Not Found","Non-Indexable","Client Error","","0","0","","0","0","","0","","0","","0","","0","","0","","","","","","","","","","0","0","0.000","4","","1","1","0","1.490","0","0","0","0","0","0","","","","","","0.250","","","","","1.1","https://shop.pimoroni.com/products/products/raspberry-pi-camera-module-v2","2022-03-04 10:47:58"
"https://shop.pimoroni.com/collections/all?vendor=Sparkfun","text/html; charset=utf-8","200","OK","Non-Indexable","Canonicalised","All - Pimoroni","14","118","","0","0","","0","Results for your search","23","All","3","Select currency","15","PIMORONI LTD.","13","","","","https://shop.pimoroni.com/collections/all","","","","","","225835","167","1.099","4","","5","3","0","4.480","84","40","0","9","7","0","","","","","3453698ca9d0639cd8c9e8122938a866","0.258","","","","","1.1","https://shop.pimoroni.com/collections/all?vendor=Sparkfun","2022-03-04 10:47:58"
"https://shop.pimoroni.com/products/microbit","text/html; charset=utf-8","404","Not Found","Non-Indexable","Client Error","","0","0","","0","0","","0","","0","","0","","0","","0","","","","","","","","","","0","0","0.000","4","","1","1","0","1.490","0","0","0","0","0","0","","","","","","0.260","","","","","1.1","https://shop.pimoroni.com/products/microbit","2022-03-04 10:47:59"
"https://shop.pimoroni.com/products/raspberry-pi-high-quality-camera","text/html; charset=utf-8","200","OK","Indexable","","Raspberry Pi High Quality Camera - Pimoroni","43","403","The Raspberry Pi High Quality Camera is an upgraded 12 megapixel, high sensitivity camera for Raspberry Pi with an adjustable focus aluminium lens mount.","153","997","","0","Results for your search","23","Raspberry Pi High Quality Camera","32","Select currency","15","Specifications","14","","","","https://shop.pimoroni.com/products/raspberry-pi-high-quality-camera","","","","","","259583","587","1.969","4","","4","3","0","4.480","89","44","0","11","9","0","","","","","d8516cb1bd8db0fa3b1460960ff27c9a","0.342","","","","","1.1","https://shop.pimoroni.com/products/raspberry-pi-high-quality-camera","2022-03-04 10:47:59"
"https://shop.pimoroni.com/products/raspberry-pi-camera-module-v2-1-with-mount?variant=19833929735","text/html; charset=utf-8","301","Moved Permanently","Non-Indexable","Redirected","","0","0","","0","0","","0","","0","","0","","0","","0","","","","","","","","","","0","0","0.000","5","","1","1","0","1.490","0","0","0","0","0","0","","","","","","0.248","","https://shop.pimoroni.com/products/raspberry-pi-camera-module-v2?variant=19833929735","HTTP Redirect","","1.1","https://shop.pimoroni.com/products/raspberry-pi-camera-module-v2-1-with-mount?variant=19833929735","2022-03-04 10:47:59"
"https://shop.pimoroni.com/products/raspberry-pi-hq-camera-lens","text/html; charset=utf-8","200","OK","Indexable","","Lens for the Raspberry Pi High Quality Camera - Pimoroni","56","516","The perfect partner to the Raspberry Pi High Quality Camera!  These high quality lenses have been tried and tested by the Raspberry Pi Foundation as an ideal starter pairing to their latest camera.","197","1240","","0","Results for your search","23","Lens for the Raspberry Pi High Quality Camera","45","Select currency","15","Specifications","14","","","","https://shop.pimoroni.com/products/raspberry-pi-hq-camera-lens","","","","","","259595","379","1.464","5","","3","2","0","2.990","87","42","0","11","9","0","","","","","a07124819ef85c717115a122788ac025","0.355","","","","","1.1","https://shop.pimoroni.com/products/raspberry-pi-hq-camera-lens","2022-03-04 10:47:59"
